{"train/loss": 3.5397, "train/grad_norm": 174113.921875, "train/learning_rate": 2.3111884315066554e-05, "train/epoch": 3.0, "train/global_step": 519, "_timestamp": 1739436181.8238208, "_runtime": 521.9048159122467, "_step": 4, "eval/runtime": 12.0985, "eval/samples_per_second": 56.949, "eval/steps_per_second": 3.637, "train_runtime": 296.0195, "train_samples_per_second": 27.9, "train_steps_per_second": 1.753, "total_flos": 2.1409858263711744e+16, "train_loss": 3.445603251227524, "test/loss": 1.1301170587539673, "test/runtime": 218.9691, "test/samples_per_second": 3.147, "test/steps_per_second": 0.201, "_wandb": {"runtime": 521}}