{"train_runtime": 105.8159, "train_samples_per_second": 26.017, "train_steps_per_second": 1.635, "total_flos": 6205475880173568.0, "train_loss": 8.670862451454118, "train/epoch": 1.0, "train/global_step": 173, "_timestamp": 1739421391.7395241, "_runtime": 406.35411500930786, "_step": 2, "test/loss": 6.941177845001221, "test/runtime": 294.1762, "test/samples_per_second": 2.342, "test/steps_per_second": 0.15, "_wandb": {"runtime": 406}}