{"train/loss": 0.7644, "train/grad_norm": 181965.0625, "train/learning_rate": 1.4569999116207324e-06, "train/epoch": 6.0, "train/global_step": 1038, "_timestamp": 1739422778.850647, "_runtime": 1125.9587960243225, "_step": 6, "eval/runtime": 12.1934, "eval/samples_per_second": 56.506, "eval/steps_per_second": 3.609, "train_runtime": 754.8296, "train_samples_per_second": 21.883, "train_steps_per_second": 1.375, "total_flos": 3.930797517255475e+16, "train_loss": 1.0530078608635993, "test/loss": 1.0855525732040405, "test/runtime": 364.5213, "test/samples_per_second": 1.89, "test/steps_per_second": 0.121, "_wandb": {"runtime": 1125}}