{"train/loss": 1.1332, "train/grad_norm": 155163.234375, "train/learning_rate": 7.697718729495967e-06, "train/epoch": 10.0, "train/global_step": 1730, "_timestamp": 1739419991.7520728, "_runtime": 1426.4008367061615, "_step": 8, "eval/runtime": 9.6055, "eval/samples_per_second": 71.73, "eval/steps_per_second": 4.581, "train_runtime": 911.9909, "train_samples_per_second": 30.187, "train_steps_per_second": 1.897, "total_flos": 6.005945121374208e+16, "train_loss": 2.54344494770028, "test/loss": 1.1861716508865356, "test/runtime": 508.2182, "test/samples_per_second": 1.356, "test/steps_per_second": 0.087, "_wandb": {"runtime": 1426}}