{"train_runtime": 156.8312, "train_samples_per_second": 35.108, "train_steps_per_second": 2.206, "total_flos": 1.2251327153307648e+16, "train_loss": 8.495079084627891, "train/epoch": 2.0, "train/global_step": 346, "_timestamp": 1739450000.4488263, "_runtime": 380.79541540145874, "_step": 2, "test/loss": 6.1015849113464355, "test/runtime": 212.3065, "test/samples_per_second": 3.245, "test/steps_per_second": 0.207, "_wandb": {"runtime": 380}}