{"train/loss": 0.6047, "train/grad_norm": 194550.421875, "train/learning_rate": 1.2576150783418986e-05, "train/epoch": 10.0, "train/global_step": 1730, "_timestamp": 1739421603.2834747, "_runtime": 1576.9452357292175, "_step": 8, "eval/runtime": 13.1512, "eval/samples_per_second": 52.39, "eval/steps_per_second": 3.346, "train_runtime": 1115.8813, "train_samples_per_second": 24.671, "train_steps_per_second": 1.55, "total_flos": 6.258684082520064e+16, "train_loss": 0.7998801258947119, "test/loss": 1.24933922290802, "test/runtime": 455.0484, "test/samples_per_second": 1.514, "test/steps_per_second": 0.097, "_wandb": {"runtime": 1576}}