{"train/loss": 1.6421, "train/grad_norm": 130382.3828125, "train/learning_rate": 7.841315796092359e-06, "train/epoch": 8.0, "train/global_step": 1384, "_timestamp": 1739433133.9194376, "_runtime": 885.9308516979218, "_step": 6, "eval/runtime": 12.1905, "eval/samples_per_second": 56.52, "eval/steps_per_second": 3.609, "train_runtime": 650.781, "train_samples_per_second": 33.842, "train_steps_per_second": 2.127, "total_flos": 4.796774866747392e+16, "train_loss": 2.849602892219676, "test/loss": 1.3454415798187256, "test/runtime": 229.2852, "test/samples_per_second": 3.005, "test/steps_per_second": 0.192, "_wandb": {"runtime": 885}}