{"train/loss": 1.2028, "train/grad_norm": 85761.625, "train/learning_rate": 5.457468153028799e-06, "train/epoch": 10.0, "train/global_step": 1730, "_timestamp": 1739441477.1904585, "_runtime": 1339.1365005970001, "_step": 8, "eval/runtime": 12.7406, "eval/samples_per_second": 54.079, "eval/steps_per_second": 3.454, "train_runtime": 967.9122, "train_samples_per_second": 28.443, "train_steps_per_second": 1.787, "total_flos": 6.205475880173568e+16, "train_loss": 2.941543279217847, "test/loss": 1.2163264751434326, "test/runtime": 364.8619, "test/samples_per_second": 1.888, "test/steps_per_second": 0.121, "_wandb": {"runtime": 1338}}