{"train/loss": 1.1364, "train/grad_norm": 92898.828125, "train/learning_rate": 2.0725777675106162e-06, "train/epoch": 6.0, "train/global_step": 1038, "_timestamp": 1739439298.7805514, "_runtime": 1118.6093354225159, "_step": 6, "eval/runtime": 13.9425, "eval/samples_per_second": 49.417, "eval/steps_per_second": 3.156, "train_runtime": 721.0732, "train_samples_per_second": 22.908, "train_steps_per_second": 1.44, "total_flos": 3.771172910215987e+16, "train_loss": 2.933494865549782, "test/loss": 1.1583930253982544, "test/runtime": 389.694, "test/samples_per_second": 1.768, "test/steps_per_second": 0.113, "_wandb": {"runtime": 1118}}