{"train/loss": 8.1666, "train/grad_norm": 101771.921875, "train/learning_rate": 5.901129690347745e-06, "train/epoch": 4.0, "train/global_step": 692, "_timestamp": 1739442227.3551483, "_runtime": 705.1477184295654, "_step": 4, "eval/runtime": 11.7944, "eval/samples_per_second": 58.417, "eval/steps_per_second": 3.731, "train_runtime": 418.1461, "train_samples_per_second": 26.335, "train_steps_per_second": 1.655, "total_flos": 2.402378048549683e+16, "train_loss": 7.549734479430094, "test/loss": 5.539083480834961, "test/runtime": 279.2104, "test/samples_per_second": 2.468, "test/steps_per_second": 0.158, "_wandb": {"runtime": 704}}