{"train/loss": 0.7944, "train/grad_norm": 128798.4140625, "train/learning_rate": 1.1170608917779124e-05, "train/epoch": 7.0, "train/global_step": 1211, "_timestamp": 1739435994.8545856, "_runtime": 1232.1134717464447, "_step": 6, "eval/runtime": 11.9733, "eval/samples_per_second": 57.545, "eval/steps_per_second": 3.675, "train_runtime": 797.1174, "train_samples_per_second": 24.176, "train_steps_per_second": 1.519, "total_flos": 4.381078857764045e+16, "train_loss": 1.351100263272702, "test/loss": 1.0693024396896362, "test/runtime": 427.0251, "test/samples_per_second": 1.613, "test/steps_per_second": 0.103, "_wandb": {"runtime": 1231}}