{"train/loss": 8.7866, "train/grad_norm": 166913.875, "train/learning_rate": 6.101550914378622e-06, "train/epoch": 5.0, "train/global_step": 865, "_timestamp": 1739426870.8033915, "_runtime": 823.7058634757996, "_step": 4, "eval/runtime": 11.8481, "eval/samples_per_second": 58.153, "eval/steps_per_second": 3.714, "train_runtime": 561.3934, "train_samples_per_second": 24.519, "train_steps_per_second": 1.541, "total_flos": 3.019600123920384e+16, "train_loss": 6.97188374954841, "test/loss": 1.6477290391921997, "test/runtime": 255.8819, "test/samples_per_second": 2.693, "test/steps_per_second": 0.172, "_wandb": {"runtime": 823}}