{"train/loss": 0.9053, "train/grad_norm": 320995.125, "train/learning_rate": 1.979616660884332e-06, "train/epoch": 7.0, "train/global_step": 1211, "_timestamp": 1739422724.0870152, "_runtime": 1283.9329721927643, "_step": 6, "eval/runtime": 15.5934, "eval/samples_per_second": 44.185, "eval/steps_per_second": 2.822, "train_runtime": 859.6461, "train_samples_per_second": 22.417, "train_steps_per_second": 1.409, "total_flos": 4.995633594866074e+16, "train_loss": 1.5544054329050758, "test/loss": 1.0811465978622437, "test/runtime": 417.258, "test/samples_per_second": 1.651, "test/steps_per_second": 0.105, "_wandb": {"runtime": 1283}}