{"train/loss": 1.0222, "train/grad_norm": 258949.09375, "train/learning_rate": 6.737182932889602e-06, "train/epoch": 10.0, "train/global_step": 1730, "_timestamp": 1739444750.5377045, "_runtime": 1234.509931564331, "_step": 8, "eval/runtime": 9.2969, "eval/samples_per_second": 74.11, "eval/steps_per_second": 4.733, "train_runtime": 820.7909, "train_samples_per_second": 33.541, "train_steps_per_second": 2.108, "total_flos": 6.4449127907328e+16, "train_loss": 2.1230760960220603, "test/loss": 1.1644651889801025, "test/runtime": 406.6996, "test/samples_per_second": 1.694, "test/steps_per_second": 0.108, "_wandb": {"runtime": 1233}}