{"train/loss": 3.9218, "train/grad_norm": 110054.4921875, "train/learning_rate": 2.2649995181134016e-05, "train/epoch": 8.0, "train/global_step": 1384, "_timestamp": 1739441500.4998114, "_runtime": 1094.6149473190308, "_step": 6, "eval/runtime": 13.3582, "eval/samples_per_second": 51.579, "eval/steps_per_second": 3.294, "train_runtime": 866.4031, "train_samples_per_second": 25.42, "train_steps_per_second": 1.597, "total_flos": 4.804756097099366e+16, "train_loss": 5.021885072564803, "test/loss": 1.3038609027862549, "test/runtime": 221.7782, "test/samples_per_second": 3.107, "test/steps_per_second": 0.198, "_wandb": {"runtime": 1094}}