{"train_runtime": 101.1861, "train_samples_per_second": 27.207, "train_steps_per_second": 1.71, "total_flos": 6205475880173568.0, "train_loss": 9.288638429145593, "train/epoch": 1.0, "train/global_step": 173, "_timestamp": 1739430833.627841, "_runtime": 463.9713890552521, "_step": 2, "test/loss": 8.686861038208008, "test/runtime": 354.4524, "test/samples_per_second": 1.944, "test/steps_per_second": 0.124, "_wandb": {"runtime": 463}}