{"train_runtime": 67.0075, "train_samples_per_second": 41.085, "train_steps_per_second": 2.582, "total_flos": 6005945121374208.0, "train_loss": 8.191239020727963, "train/epoch": 1.0, "train/global_step": 173, "_timestamp": 1739428023.0749729, "_runtime": 277.934770822525, "_step": 2, "test/loss": 4.989376068115234, "test/runtime": 205.1541, "test/samples_per_second": 3.358, "test/steps_per_second": 0.214, "_wandb": {"runtime": 277}}