{"train/loss": 1.3951, "train/grad_norm": 122904.8359375, "train/learning_rate": 2.0178816480930848e-05, "train/epoch": 7.0, "train/global_step": 1211, "_timestamp": 1739439259.5357778, "_runtime": 1064.268717765808, "_step": 6, "eval/runtime": 11.1867, "eval/samples_per_second": 61.591, "eval/steps_per_second": 3.933, "train_runtime": 709.8646, "train_samples_per_second": 27.147, "train_steps_per_second": 1.706, "total_flos": 4.204161584961946e+16, "train_loss": 3.5163558090550167, "test/loss": 1.2415745258331299, "test/runtime": 348.6773, "test/samples_per_second": 1.976, "test/steps_per_second": 0.126, "_wandb": {"runtime": 1063}}