{"train/loss": 1.0745, "train/grad_norm": 81921.7890625, "train/learning_rate": 1.716310633127588e-05, "train/epoch": 10.0, "train/global_step": 1730, "_timestamp": 1739434712.4201276, "_runtime": 1572.9195556640625, "_step": 8, "eval/runtime": 13.2929, "eval/samples_per_second": 51.832, "eval/steps_per_second": 3.31, "train_runtime": 1009.3991, "train_samples_per_second": 27.274, "train_steps_per_second": 1.714, "total_flos": 6.005945121374208e+16, "train_loss": 2.2846982481851743, "test/loss": 1.1762847900390625, "test/runtime": 556.6715, "test/samples_per_second": 1.238, "test/steps_per_second": 0.079, "_wandb": {"runtime": 1572}}