{"train/learning_rate":1.869387755102041e-05,"train_loss":1.697369579370471,"train/global_step":1725,"train/epoch":5,"_timestamp":1.7394541562317727e+09,"train/loss":0.9573,"eval/samples_per_second":110.307,"eval/steps_per_second":13.928,"_step":7,"train_steps_per_second":4.481,"test/samples_per_second":13.565,"total_flos":3.02292563656704e+16,"_wandb":{"runtime":435},"test/steps_per_second":1.713,"train_samples_per_second":35.754,"test/runtime":50.792,"test/loss":1.1480600833892822,"eval/runtime":6.2462,"train_runtime":384.9884,"train/grad_norm":2.7572174072265625,"_runtime":435.764279953}