{"train/loss": 1.7274, "train/grad_norm": 86746.2265625, "train/learning_rate": 3.838922317879672e-05, "train/epoch": 5.0, "train/global_step": 865, "_timestamp": 1739420933.6626933, "_runtime": 911.8530511856079, "_step": 4, "eval/runtime": 12.2764, "eval/samples_per_second": 56.124, "eval/steps_per_second": 3.584, "train_runtime": 547.1272, "train_samples_per_second": 25.159, "train_steps_per_second": 1.581, "total_flos": 3.2224563953664e+16, "train_loss": 1.434234866103685, "test/loss": 1.179803729057312, "test/runtime": 356.2207, "test/samples_per_second": 1.934, "test/steps_per_second": 0.124, "_wandb": {"runtime": 911}}