{"train/loss": 1.0396, "train/grad_norm": 145138.546875, "train/learning_rate": 1.3383911898186969e-05, "train/epoch": 10.0, "train/global_step": 1730, "_timestamp": 1739419333.9855845, "_runtime": 1363.843144416809, "_step": 8, "eval/runtime": 11.2464, "eval/samples_per_second": 61.264, "eval/steps_per_second": 3.912, "train_runtime": 829.8123, "train_samples_per_second": 33.176, "train_steps_per_second": 2.085, "total_flos": 6.04585127313408e+16, "train_loss": 1.996629157093908, "test/loss": 1.169110894203186, "test/runtime": 525.3631, "test/samples_per_second": 1.311, "test/steps_per_second": 0.084, "_wandb": {"runtime": 1363}}