{"train/loss": 1.3188, "train/grad_norm": 82658.5390625, "train/learning_rate": 3.8193255980494104e-05, "train/epoch": 8.0, "train/global_step": 1384, "_timestamp": 1739438126.6374433, "_runtime": 1151.2592341899872, "_step": 6, "eval/runtime": 11.713, "eval/samples_per_second": 58.824, "eval/steps_per_second": 3.757, "train_runtime": 833.3535, "train_samples_per_second": 26.428, "train_steps_per_second": 1.661, "total_flos": 4.788793636395418e+16, "train_loss": 2.9477293642959155, "test/loss": 1.2383170127868652, "test/runtime": 312.0333, "test/samples_per_second": 2.208, "test/steps_per_second": 0.141, "_wandb": {"runtime": 1150}}