{"train/loss": 5.5621, "train/grad_norm": 111724.578125, "train/learning_rate": 2.2138227158120958e-05, "train/epoch": 4.0, "train/global_step": 692, "_timestamp": 1739449339.5835857, "_runtime": 760.5619466304779, "_step": 4, "eval/runtime": 12.5818, "eval/samples_per_second": 54.761, "eval/steps_per_second": 3.497, "train_runtime": 472.1707, "train_samples_per_second": 23.322, "train_steps_per_second": 1.466, "total_flos": 2.57796511629312e+16, "train_loss": 4.397016580394237, "test/loss": 1.2748695611953735, "test/runtime": 278.1688, "test/samples_per_second": 2.477, "test/steps_per_second": 0.158, "_wandb": {"runtime": 760}}