{"train/loss": 3.3978, "train/grad_norm": 104877.3515625, "train/learning_rate": 3.009312532942112e-05, "train/epoch": 5.0, "train/global_step": 865, "_timestamp": 1739425147.2692893, "_runtime": 865.8811812400818, "_step": 4, "eval/runtime": 13.7585, "eval/samples_per_second": 50.078, "eval/steps_per_second": 3.198, "train_runtime": 506.2269, "train_samples_per_second": 27.191, "train_steps_per_second": 1.709, "total_flos": 3.142644091846656e+16, "train_loss": 2.424004809429191, "test/loss": 1.1632249355316162, "test/runtime": 353.5675, "test/samples_per_second": 1.949, "test/steps_per_second": 0.124, "_wandb": {"runtime": 865}}