{"train/loss": 1.8781, "train/grad_norm": 307015.375, "train/learning_rate": 8.704338585705232e-06, "train/epoch": 4.0, "train/global_step": 692, "_timestamp": 1739436925.0848043, "_runtime": 884.6182723045349, "_step": 4, "eval/runtime": 16.21, "eval/samples_per_second": 42.505, "eval/steps_per_second": 2.714, "train_runtime": 468.88, "train_samples_per_second": 23.486, "train_steps_per_second": 1.476, "total_flos": 2.854647768494899e+16, "train_loss": 1.574696623521044, "test/loss": 1.0879794359207153, "test/runtime": 408.8535, "test/samples_per_second": 1.685, "test/steps_per_second": 0.108, "_wandb": {"runtime": 884}}