{"train/loss": 0.5026, "train/grad_norm": 105074.359375, "train/learning_rate": 2.803169681632241e-06, "train/epoch": 9.0, "train/global_step": 1557, "_timestamp": 1739424276.7793531, "_runtime": 1460.2221100330353, "_step": 8, "eval/runtime": 11.9563, "eval/samples_per_second": 57.626, "eval/steps_per_second": 3.68, "train_runtime": 1010.6112, "train_samples_per_second": 24.517, "train_steps_per_second": 1.541, "total_flos": 6.422957479113523e+16, "train_loss": 0.8413237863882429, "test/loss": 1.4186230897903442, "test/runtime": 443.2201, "test/samples_per_second": 1.555, "test/steps_per_second": 0.099, "_wandb": {"runtime": 1459}}