{"train/loss": 3.5052, "train/grad_norm": 133281.453125, "train/learning_rate": 4.983934853258864e-05, "train/epoch": 5.0, "train/global_step": 865, "_timestamp": 1739425999.5195508, "_runtime": 859.4524228572845, "_step": 4, "eval/runtime": 9.7817, "eval/samples_per_second": 70.438, "eval/steps_per_second": 4.498, "train_runtime": 445.3822, "train_samples_per_second": 30.906, "train_steps_per_second": 1.942, "total_flos": 3.2224563953664e+16, "train_loss": 2.482002778687229, "test/loss": 1.2587761878967285, "test/runtime": 407.2512, "test/samples_per_second": 1.692, "test/steps_per_second": 0.108, "_wandb": {"runtime": 858}}