{"train/loss": 1.0655, "train/grad_norm": 149602.34375, "train/learning_rate": 2.2699393945785316e-05, "train/epoch": 8.0, "train/global_step": 1384, "_timestamp": 1739448544.163547, "_runtime": 1231.2569921016693, "_step": 6, "eval/runtime": 9.9829, "eval/samples_per_second": 69.018, "eval/steps_per_second": 4.408, "train_runtime": 705.2904, "train_samples_per_second": 31.227, "train_steps_per_second": 1.962, "total_flos": 4.836681018507264e+16, "train_loss": 1.653745596119434, "test/loss": 1.1769862174987793, "test/runtime": 519.6578, "test/samples_per_second": 1.326, "test/steps_per_second": 0.085, "_wandb": {"runtime": 1230}}