{"train/loss": 1.5243, "train/grad_norm": 142824.171875, "train/learning_rate": 8.790822147658773e-07, "train/epoch": 10.0, "train/global_step": 1730, "_timestamp": 1739432200.6973498, "_runtime": 1138.913685798645, "_step": 8, "eval/runtime": 11.5635, "eval/samples_per_second": 59.584, "eval/steps_per_second": 3.805, "train_runtime": 890.4, "train_samples_per_second": 30.919, "train_steps_per_second": 1.943, "total_flos": 6.125663576653824e+16, "train_loss": 2.8739973652569546, "test/loss": 1.3855504989624023, "test/runtime": 242.5157, "test/samples_per_second": 2.841, "test/steps_per_second": 0.181, "_wandb": {"runtime": 1138}}