{"train/loss": 1.2085, "train/grad_norm": 97961.296875, "train/learning_rate": 8.597198746473993e-05, "train/epoch": 6.0, "train/global_step": 1038, "_timestamp": 1739449572.2651582, "_runtime": 993.116072177887, "_step": 6, "eval/runtime": 9.5617, "eval/samples_per_second": 72.058, "eval/steps_per_second": 4.602, "train_runtime": 623.3658, "train_samples_per_second": 26.498, "train_steps_per_second": 1.665, "total_flos": 3.723285528104141e+16, "train_loss": 3.062868915771014, "test/loss": 1.1619658470153809, "test/runtime": 359.7005, "test/samples_per_second": 1.915, "test/steps_per_second": 0.122, "_wandb": {"runtime": 992}}