{"train/loss": 1.1995, "train/grad_norm": 107435.5546875, "train/learning_rate": 2.949210405561283e-05, "train/epoch": 7.0, "train/global_step": 1211, "_timestamp": 1739430323.9217436, "_runtime": 977.9909677505493, "_step": 6, "eval/runtime": 11.7657, "eval/samples_per_second": 58.56, "eval/steps_per_second": 3.74, "train_runtime": 558.2867, "train_samples_per_second": 34.518, "train_steps_per_second": 2.169, "total_flos": 4.287964503657677e+16, "train_loss": 2.7751341488221577, "test/loss": 1.1657439470291138, "test/runtime": 413.4644, "test/samples_per_second": 1.666, "test/steps_per_second": 0.106, "_wandb": {"runtime": 977}}