{"train/loss": 3.5062, "train/grad_norm": 176135.890625, "train/learning_rate": 5.3965332172428184e-05, "train/epoch": 3.0, "train/global_step": 519, "_timestamp": 1739449894.9267755, "_runtime": 506.49236249923706, "_step": 4, "eval/runtime": 7.3278, "eval/samples_per_second": 94.025, "eval/steps_per_second": 6.004, "train_runtime": 203.034, "train_samples_per_second": 40.678, "train_steps_per_second": 2.556, "total_flos": 1.8855864551079936e+16, "train_loss": 3.420698566473518, "test/loss": 1.1805343627929688, "test/runtime": 297.2122, "test/samples_per_second": 2.318, "test/steps_per_second": 0.148, "_wandb": {"runtime": 506}}