{"total_flos":3.02292563656704e+16,"train_runtime":396.2849,"train/grad_norm":2.871145486831665,"test/runtime":50.2918,"eval/runtime":6.3309,"train_steps_per_second":4.353,"train/epoch":5,"test/steps_per_second":1.73,"test/loss":1.1553369760513306,"test/samples_per_second":13.7,"train/loss":0.9565,"train_loss":1.6968703383293704,"eval/samples_per_second":108.831,"_wandb":{"runtime":446},"eval/steps_per_second":13.742,"train/learning_rate":1.8612244897959185e-05,"_step":7,"_timestamp":1.7394521442384877e+09,"train/global_step":1725,"_runtime":445.936258448,"train_samples_per_second":34.735}