{"train/loss": 6.1514, "train/grad_norm": 218694.15625, "train/learning_rate": 5.736568488878264e-05, "train/epoch": 5.0, "train/global_step": 865, "_timestamp": 1739448521.572254, "_runtime": 671.2126090526581, "_step": 4, "eval/runtime": 8.3193, "eval/samples_per_second": 82.819, "eval/steps_per_second": 5.289, "train_runtime": 388.3382, "train_samples_per_second": 35.446, "train_steps_per_second": 2.227, "total_flos": 2.992996022747136e+16, "train_loss": 4.1680908908733745, "test/loss": 1.3191434144973755, "test/runtime": 276.7452, "test/samples_per_second": 2.49, "test/steps_per_second": 0.159, "_wandb": {"runtime": 670}}