{"train/loss": 1.1037, "train/grad_norm": 84340.71875, "train/learning_rate": 1.119969449964727e-05, "train/epoch": 7.0, "train/global_step": 1211, "_timestamp": 1739443466.1051106, "_runtime": 1186.579749584198, "_step": 6, "eval/runtime": 10.8179, "eval/samples_per_second": 63.691, "eval/steps_per_second": 4.067, "train_runtime": 661.5829, "train_samples_per_second": 29.129, "train_steps_per_second": 1.83, "total_flos": 4.287964503657677e+16, "train_loss": 2.2123429088135773, "test/loss": 1.169594407081604, "test/runtime": 516.7256, "test/samples_per_second": 1.333, "test/steps_per_second": 0.085, "_wandb": {"runtime": 1186}}