{"train/loss": 1.3617, "train/grad_norm": 128152.6953125, "train/learning_rate": 9.47714564724099e-06, "train/epoch": 7.0, "train/global_step": 1211, "_timestamp": 1739447264.3198137, "_runtime": 960.3417158126831, "_step": 6, "eval/runtime": 11.9817, "eval/samples_per_second": 57.504, "eval/steps_per_second": 3.672, "train_runtime": 594.1798, "train_samples_per_second": 32.433, "train_steps_per_second": 2.038, "total_flos": 4.19019443184599e+16, "train_loss": 2.5448708947683345, "test/loss": 1.279860019683838, "test/runtime": 359.9384, "test/samples_per_second": 1.914, "test/steps_per_second": 0.122, "_wandb": {"runtime": 960}}