{"train/loss": 3.8857, "train/grad_norm": 125858.46875, "train/learning_rate": 2.1478359413820447e-06, "train/epoch": 3.0, "train/global_step": 519, "_timestamp": 1739442890.1947174, "_runtime": 610.6693334579468, "_step": 4, "eval/runtime": 12.5236, "eval/samples_per_second": 55.016, "eval/steps_per_second": 3.513, "train_runtime": 334.6174, "train_samples_per_second": 24.682, "train_steps_per_second": 1.551, "total_flos": 1.8616427640520704e+16, "train_loss": 3.7914926495855252, "test/loss": 1.2602112293243408, "test/runtime": 267.7977, "test/samples_per_second": 2.573, "test/steps_per_second": 0.164, "_wandb": {"runtime": 610}}