{"train/loss": 1.853, "train/grad_norm": 86409.265625, "train/learning_rate": 2.145001191501395e-05, "train/epoch": 4.0, "train/global_step": 692, "_timestamp": 1739436941.6410108, "_runtime": 711.6148376464844, "_step": 4, "eval/runtime": 9.4167, "eval/samples_per_second": 73.168, "eval/steps_per_second": 4.673, "train_runtime": 393.2543, "train_samples_per_second": 28.002, "train_steps_per_second": 1.76, "total_flos": 2.57796511629312e+16, "train_loss": 1.6433110981318302, "test/loss": 1.1676708459854126, "test/runtime": 311.8461, "test/samples_per_second": 2.209, "test/steps_per_second": 0.141, "_wandb": {"runtime": 711}}