{"train/loss": 2.8945, "train/grad_norm": 107973.359375, "train/learning_rate": 4.10600634079443e-05, "train/epoch": 5.0, "train/global_step": 865, "_timestamp": 1739429119.0856044, "_runtime": 1063.6409034729004, "_step": 4, "eval/runtime": 13.27, "eval/samples_per_second": 51.921, "eval/steps_per_second": 3.316, "train_runtime": 599.0551, "train_samples_per_second": 22.978, "train_steps_per_second": 1.444, "total_flos": 3.002972560687104e+16, "train_loss": 2.140690798015264, "test/loss": 1.166299819946289, "test/runtime": 457.9582, "test/samples_per_second": 1.505, "test/steps_per_second": 0.096, "_wandb": {"runtime": 1063}}