{"train/loss": 0.7588, "train/grad_norm": 96548.375, "train/learning_rate": 3.1709090743825544e-05, "train/epoch": 8.0, "train/global_step": 1384, "_timestamp": 1739444413.4473405, "_runtime": 1475.3958353996277, "_step": 6, "eval/runtime": 11.2639, "eval/samples_per_second": 61.169, "eval/steps_per_second": 3.906, "train_runtime": 810.4636, "train_samples_per_second": 27.175, "train_steps_per_second": 1.708, "total_flos": 5.241063356340634e+16, "train_loss": 1.467238718374616, "test/loss": 1.1461169719696045, "test/runtime": 658.2785, "test/samples_per_second": 1.047, "test/steps_per_second": 0.067, "_wandb": {"runtime": 1475}}