{"train/loss": 1.4786, "train/grad_norm": 146762.1875, "train/learning_rate": 1.7962887873989847e-05, "train/epoch": 4.0, "train/global_step": 692, "_timestamp": 1739423804.2934783, "_runtime": 1008.5467083454132, "_step": 4, "eval/runtime": 13.3133, "eval/samples_per_second": 51.753, "eval/steps_per_second": 3.305, "train_runtime": 465.5679, "train_samples_per_second": 23.653, "train_steps_per_second": 1.486, "total_flos": 2.641814959108915e+16, "train_loss": 1.3371058557763955, "test/loss": 1.1460074186325073, "test/runtime": 535.1959, "test/samples_per_second": 1.287, "test/steps_per_second": 0.082, "_wandb": {"runtime": 1008}}