{"train/loss": 1.1232, "train/grad_norm": 165697.453125, "train/learning_rate": 3.420305363290731e-06, "train/epoch": 10.0, "train/global_step": 1730, "_timestamp": 1739447801.139027, "_runtime": 1289.4514980316162, "_step": 8, "eval/runtime": 7.4777, "eval/samples_per_second": 92.14, "eval/steps_per_second": 5.884, "train_runtime": 823.1758, "train_samples_per_second": 33.444, "train_steps_per_second": 2.102, "total_flos": 6.125663576653824e+16, "train_loss": 1.7975669552136018, "test/loss": 1.1921061277389526, "test/runtime": 430.1868, "test/samples_per_second": 1.602, "test/steps_per_second": 0.102, "_wandb": {"runtime": 1289}}