{"train_runtime": 214.302, "train_samples_per_second": 25.693, "train_steps_per_second": 1.615, "total_flos": 1.2171514849787904e+16, "train_loss": 4.9342863049810335, "train/epoch": 2.0, "train/global_step": 346, "_timestamp": 1739433643.559413, "_runtime": 476.9498360157013, "_step": 2, "test/loss": 1.864146113395691, "test/runtime": 256.4302, "test/samples_per_second": 2.687, "test/steps_per_second": 0.172, "_wandb": {"runtime": 476}}