{"train/loss": 1.1808, "train/grad_norm": 92169.4609375, "train/learning_rate": 1.30915151096333e-05, "train/epoch": 8.0, "train/global_step": 1384, "_timestamp": 1739434747.202697, "_runtime": 1053.8033990859985, "_step": 6, "eval/runtime": 9.0022, "eval/samples_per_second": 76.537, "eval/steps_per_second": 4.888, "train_runtime": 728.5942, "train_samples_per_second": 30.228, "train_steps_per_second": 1.9, "total_flos": 4.964380704138854e+16, "train_loss": 2.2071300793245348, "test/loss": 1.18437922000885, "test/runtime": 318.9243, "test/samples_per_second": 2.16, "test/steps_per_second": 0.138, "_wandb": {"runtime": 1053}}