{"train_runtime": 72.0625, "train_samples_per_second": 38.203, "train_steps_per_second": 2.401, "total_flos": 5995968583434240.0, "train_loss": 9.38495120009935, "train/epoch": 1.0, "train/global_step": 173, "_timestamp": 1739424232.542779, "_runtime": 382.23939990997314, "_step": 2, "test/loss": 8.983633995056152, "test/runtime": 304.004, "test/samples_per_second": 2.266, "test/steps_per_second": 0.145, "_wandb": {"runtime": 381}}