{"train_runtime": 208.7546, "train_samples_per_second": 26.375, "train_steps_per_second": 1.657, "total_flos": 1.1971984090988544e+16, "train_loss": 7.074306951092847, "train/epoch": 2.0, "train/global_step": 346, "_timestamp": 1739425696.793184, "_runtime": 516.6250541210175, "_step": 2, "test/loss": 5.47874116897583, "test/runtime": 301.9532, "test/samples_per_second": 2.282, "test/steps_per_second": 0.146, "_wandb": {"runtime": 516}}