{"train/loss": 7.2399, "train/grad_norm": 237191.75, "train/learning_rate": 6.0509643972213844e-06, "train/epoch": 5.0, "train/global_step": 865, "_timestamp": 1739431011.9746556, "_runtime": 629.0635945796967, "_step": 4, "eval/runtime": 10.7387, "eval/samples_per_second": 64.161, "eval/steps_per_second": 4.097, "train_runtime": 432.51, "train_samples_per_second": 31.826, "train_steps_per_second": 2.0, "total_flos": 3.142644091846656e+16, "train_loss": 4.850302988394147, "test/loss": 1.2521432638168335, "test/runtime": 190.5118, "test/samples_per_second": 3.617, "test/steps_per_second": 0.231, "_wandb": {"runtime": 628}}