{"train/loss": 3.414, "train/grad_norm": 211237.453125, "train/learning_rate": 4.015124778233996e-05, "train/epoch": 4.0, "train/global_step": 692, "_timestamp": 1739435611.3362207, "_runtime": 832.6619148254395, "_step": 4, "eval/runtime": 14.8303, "eval/samples_per_second": 46.459, "eval/steps_per_second": 2.967, "train_runtime": 516.1314, "train_samples_per_second": 21.336, "train_steps_per_second": 1.341, "total_flos": 2.5034736330080256e+16, "train_loss": 2.7150321916348674, "test/loss": 1.0761513710021973, "test/runtime": 310.5577, "test/samples_per_second": 2.219, "test/steps_per_second": 0.142, "_wandb": {"runtime": 832}}