{"train_runtime": 72.1149, "train_samples_per_second": 38.175, "train_steps_per_second": 2.399, "total_flos": 6025898197254144.0, "train_loss": 6.6884151745393785, "train/epoch": 1.0, "train/global_step": 173, "_timestamp": 1739444759.3700895, "_runtime": 296.1888394355774, "_step": 2, "test/loss": 3.0329184532165527, "test/runtime": 218.0072, "test/samples_per_second": 3.16, "test/steps_per_second": 0.202, "_wandb": {"runtime": 295}}