{"train/loss": 4.0571, "train/grad_norm": 70040.2578125, "train/learning_rate": 4.048201080391183e-05, "train/epoch": 4.0, "train/global_step": 692, "_timestamp": 1739419974.5748198, "_runtime": 593.125058889389, "_step": 4, "eval/runtime": 9.2472, "eval/samples_per_second": 74.509, "eval/steps_per_second": 4.758, "train_runtime": 321.9507, "train_samples_per_second": 34.204, "train_steps_per_second": 2.149, "total_flos": 2.4103592789016576e+16, "train_loss": 3.2855475982489613, "test/loss": 1.2444199323654175, "test/runtime": 265.0345, "test/samples_per_second": 2.6, "test/steps_per_second": 0.166, "_wandb": {"runtime": 592}}