{"train/loss": 1.2419, "train/grad_norm": 114206.0234375, "train/learning_rate": 1.0491404888684434e-06, "train/epoch": 10.0, "train/global_step": 1730, "_timestamp": 1739446257.942385, "_runtime": 1459.7907149791718, "_step": 8, "eval/runtime": 13.8309, "eval/samples_per_second": 49.816, "eval/steps_per_second": 3.181, "train_runtime": 1177.4549, "train_samples_per_second": 23.381, "train_steps_per_second": 1.469, "total_flos": 6.604537397772288e+16, "train_loss": 2.1474251102160857, "test/loss": 1.226913571357727, "test/runtime": 274.4759, "test/samples_per_second": 2.51, "test/steps_per_second": 0.16, "_wandb": {"runtime": 1459}}