{"train/loss": 1.073, "train/grad_norm": 164098.0625, "train/learning_rate": 2.108123709808728e-06, "train/epoch": 6.0, "train/global_step": 1038, "_timestamp": 1739432466.629949, "_runtime": 1178.5713620185852, "_step": 6, "eval/runtime": 10.7384, "eval/samples_per_second": 64.162, "eval/steps_per_second": 4.097, "train_runtime": 705.9989, "train_samples_per_second": 23.397, "train_steps_per_second": 1.47, "total_flos": 3.771172910215987e+16, "train_loss": 2.5681372331975743, "test/loss": 1.1388148069381714, "test/runtime": 466.2397, "test/samples_per_second": 1.478, "test/steps_per_second": 0.094, "_wandb": {"runtime": 1178}}