{"train/loss": 5.3172, "train/grad_norm": 91798.5, "train/learning_rate": 3.871101952673238e-05, "train/epoch": 5.0, "train/global_step": 865, "_timestamp": 1739440090.0511477, "_runtime": 757.2176887989044, "_step": 4, "eval/runtime": 11.1391, "eval/samples_per_second": 61.854, "eval/steps_per_second": 3.95, "train_runtime": 496.8866, "train_samples_per_second": 27.702, "train_steps_per_second": 1.741, "total_flos": 2.992996022747136e+16, "train_loss": 3.695006054123013, "test/loss": 1.3539490699768066, "test/runtime": 254.0314, "test/samples_per_second": 2.712, "test/steps_per_second": 0.173, "_wandb": {"runtime": 756}}