{"train_runtime": 219.6686, "train_samples_per_second": 25.065, "train_steps_per_second": 1.575, "total_flos": 1.199193716686848e+16, "train_loss": 6.383967581511922, "train/epoch": 2.0, "train/global_step": 346, "_timestamp": 1739418515.4959576, "_runtime": 545.353524684906, "_step": 2, "test/loss": 3.3572499752044678, "test/runtime": 315.9408, "test/samples_per_second": 2.181, "test/steps_per_second": 0.139, "_wandb": {"runtime": 545}}