{"train/loss": 0.7551, "train/grad_norm": 161994.9375, "train/learning_rate": 9.882508918869018e-06, "train/epoch": 9.0, "train/global_step": 1557, "_timestamp": 1739446465.56472, "_runtime": 1667.413146018982, "_step": 8, "eval/runtime": 14.8064, "eval/samples_per_second": 46.534, "eval/steps_per_second": 2.972, "train_runtime": 1155.5836, "train_samples_per_second": 21.441, "train_steps_per_second": 1.347, "total_flos": 5.435280223056691e+16, "train_loss": 1.927389866431401, "test/loss": 1.116937279701233, "test/runtime": 504.06, "test/samples_per_second": 1.367, "test/steps_per_second": 0.087, "_wandb": {"runtime": 1667}}