{"train/loss": 2.3814, "train/grad_norm": 93959.9921875, "train/learning_rate": 3.3380984655103387e-06, "train/epoch": 3.0, "train/global_step": 519, "_timestamp": 1739425069.2779803, "_runtime": 756.1127433776855, "_step": 4, "eval/runtime": 13.5343, "eval/samples_per_second": 50.908, "eval/steps_per_second": 3.251, "train_runtime": 354.3833, "train_samples_per_second": 23.305, "train_steps_per_second": 1.465, "total_flos": 1.8855864551079936e+16, "train_loss": 2.3331781251352415, "test/loss": 1.1615440845489502, "test/runtime": 395.7862, "test/samples_per_second": 1.741, "test/steps_per_second": 0.111, "_wandb": {"runtime": 755}}