{"train/loss": 1.0599, "train/grad_norm": 213342.390625, "train/learning_rate": 1.7131005574333193e-05, "train/epoch": 8.0, "train/global_step": 1384, "_timestamp": 1739429299.4642837, "_runtime": 1256.5842156410217, "_step": 6, "eval/runtime": 10.66, "eval/samples_per_second": 64.634, "eval/steps_per_second": 4.128, "train_runtime": 849.8143, "train_samples_per_second": 25.916, "train_steps_per_second": 1.629, "total_flos": 5.28362991821783e+16, "train_loss": 2.1544571363857026, "test/loss": 1.1387354135513306, "test/runtime": 397.7903, "test/samples_per_second": 1.732, "test/steps_per_second": 0.111, "_wandb": {"runtime": 1256}}