{"train_runtime": 91.4911, "train_samples_per_second": 30.09, "train_steps_per_second": 1.891, "total_flos": 6039200247840768.0, "train_loss": 9.050065762734826, "train/epoch": 1.0, "train/global_step": 173, "_timestamp": 1739429582.9261065, "_runtime": 417.57217049598694, "_step": 2, "test/loss": 7.685635566711426, "test/runtime": 318.8161, "test/samples_per_second": 2.161, "test/steps_per_second": 0.138, "_wandb": {"runtime": 417}}