{"train/loss": 6.193, "train/grad_norm": 127704.53125, "train/learning_rate": 3.9315710356707996e-07, "train/epoch": 9.0, "train/global_step": 1557, "_timestamp": 1739438159.7695045, "_runtime": 1186.9996795654297, "_step": 8, "eval/runtime": 9.3098, "eval/samples_per_second": 74.008, "eval/steps_per_second": 4.726, "train_runtime": 951.822, "train_samples_per_second": 26.031, "train_steps_per_second": 1.636, "total_flos": 5.42330837752873e+16, "train_loss": 7.74516634490908, "test/loss": 5.492832660675049, "test/runtime": 227.7307, "test/samples_per_second": 3.026, "test/steps_per_second": 0.193, "_wandb": {"runtime": 1186}}