{"train_runtime": 226.8429, "train_samples_per_second": 24.272, "train_steps_per_second": 1.525, "total_flos": 1.209170254626816e+16, "train_loss": 4.398893323247832, "train/epoch": 2.0, "train/global_step": 346, "_timestamp": 1739433087.998358, "_runtime": 572.5697441101074, "_step": 2, "test/loss": 1.221564769744873, "test/runtime": 339.3015, "test/samples_per_second": 2.031, "test/steps_per_second": 0.13, "_wandb": {"runtime": 572}}