{"train/loss": 5.7997, "train/grad_norm": 128660.75, "train/learning_rate": 2.854121327747347e-05, "train/epoch": 4.0, "train/global_step": 692, "_timestamp": 1739442235.4922814, "_runtime": 703.2408564090729, "_step": 4, "eval/runtime": 12.574, "eval/samples_per_second": 54.795, "eval/steps_per_second": 3.499, "train_runtime": 437.9016, "train_samples_per_second": 25.147, "train_steps_per_second": 1.58, "total_flos": 2.434302969957581e+16, "train_loss": 4.577375864017905, "test/loss": 1.2399696111679077, "test/runtime": 259.4864, "test/samples_per_second": 2.655, "test/steps_per_second": 0.17, "_wandb": {"runtime": 702}}