{"train/loss": 5.576, "train/grad_norm": 168200.125, "train/learning_rate": 1.0272050119891413e-05, "train/epoch": 3.0, "train/global_step": 519, "_timestamp": 1739427696.1162205, "_runtime": 775.481805562973, "_step": 4, "eval/runtime": 15.8297, "eval/samples_per_second": 43.526, "eval/steps_per_second": 2.78, "train_runtime": 406.2063, "train_samples_per_second": 20.332, "train_steps_per_second": 1.278, "total_flos": 1.9653987586277376e+16, "train_loss": 5.416478629286808, "test/loss": 1.1636284589767456, "test/runtime": 360.5088, "test/samples_per_second": 1.911, "test/steps_per_second": 0.122, "_wandb": {"runtime": 775}}