{"train/loss": 1.3576, "train/grad_norm": 100958.7734375, "train/learning_rate": 3.337887151520902e-06, "train/epoch": 10.0, "train/global_step": 1730, "_timestamp": 1739427995.2452476, "_runtime": 1072.3798944950104, "_step": 8, "eval/runtime": 8.6181, "eval/samples_per_second": 79.948, "eval/steps_per_second": 5.106, "train_runtime": 798.7059, "train_samples_per_second": 34.468, "train_steps_per_second": 2.166, "total_flos": 6.04585127313408e+16, "train_loss": 2.778021116752845, "test/loss": 1.2910279035568237, "test/runtime": 267.1733, "test/samples_per_second": 2.579, "test/steps_per_second": 0.165, "_wandb": {"runtime": 1072}}