{"train/loss": 3.0988, "train/grad_norm": 83059.296875, "train/learning_rate": 2.333603584461271e-05, "train/epoch": 4.0, "train/global_step": 692, "_timestamp": 1739430352.1146686, "_runtime": 719.9515235424042, "_step": 4, "eval/runtime": 10.5781, "eval/samples_per_second": 65.134, "eval/steps_per_second": 4.16, "train_runtime": 411.589, "train_samples_per_second": 26.755, "train_steps_per_second": 1.681, "total_flos": 2.418340509253632e+16, "train_loss": 2.564947249572401, "test/loss": 1.195446491241455, "test/runtime": 302.047, "test/samples_per_second": 2.281, "test/steps_per_second": 0.146, "_wandb": {"runtime": 719}}