{"train/loss": 2.6712, "train/grad_norm": 110472.9140625, "train/learning_rate": 9.12011380228968e-05, "train/epoch": 5.0, "train/global_step": 865, "_timestamp": 1739440359.5052588, "_runtime": 1053.910894870758, "_step": 4, "eval/runtime": 16.0123, "eval/samples_per_second": 43.029, "eval/steps_per_second": 2.748, "train_runtime": 614.2206, "train_samples_per_second": 22.411, "train_steps_per_second": 1.408, "total_flos": 3.275664597712896e+16, "train_loss": 1.870560450912211, "test/loss": 1.125844120979309, "test/runtime": 433.4456, "test/samples_per_second": 1.59, "test/steps_per_second": 0.102, "_wandb": {"runtime": 1053}}