{"train_runtime": 132.081, "train_samples_per_second": 41.687, "train_steps_per_second": 2.62, "total_flos": 1.2570576367386624e+16, "train_loss": 6.424226088330925, "train/epoch": 2.0, "train/global_step": 346, "_timestamp": 1739431238.7256289, "_runtime": 354.38572096824646, "_step": 2, "test/loss": 1.7128245830535889, "test/runtime": 214.0498, "test/samples_per_second": 3.219, "test/steps_per_second": 0.206, "_wandb": {"runtime": 354}}