{"train/loss": 0.82, "train/grad_norm": 94907.28125, "train/learning_rate": 1.203813846984422e-05, "train/epoch": 6.0, "train/global_step": 1038, "_timestamp": 1739426893.2138274, "_runtime": 1146.6791212558746, "_step": 6, "eval/runtime": 15.1933, "eval/samples_per_second": 45.349, "eval/steps_per_second": 2.896, "train_runtime": 654.8, "train_samples_per_second": 25.226, "train_steps_per_second": 1.585, "total_flos": 3.755210449512038e+16, "train_loss": 2.0529695411638027, "test/loss": 1.0718274116516113, "test/runtime": 485.3914, "test/samples_per_second": 1.419, "test/steps_per_second": 0.091, "_wandb": {"runtime": 1146}}