{"train/learning_rate":4.841121495327102e-06,"train_loss":2.6902129610955425,"total_flos":1.813755381940224e+16,"eval/runtime":6.3884,"_runtime":296.378811408,"test/loss":1.1406745910644531,"train_runtime":238.4652,"test/runtime":58.6415,"_wandb":{"runtime":296},"train/epoch":3,"eval/steps_per_second":13.618,"test/steps_per_second":1.484,"train_samples_per_second":34.634,"_step":5,"train/grad_norm":2.025319814682007,"_timestamp":1.7394515567671018e+09,"eval/samples_per_second":107.851,"train_steps_per_second":4.34,"train/global_step":1035,"test/samples_per_second":11.749,"train/loss":1.128}